{
  "EventCNN": {
    "accuracy": 0.7,
    "f1_macro": 0.6989799587252016,
    "confusion_matrix": [
      [
        27,
        47,
        0,
        0,
        0,
        0,
        0,
        0,
        0,
        0
      ],
      [
        0,
        8,
        49,
        0,
        0,
        0,
        0,
        0,
        0,
        0
      ],
      [
        0,
        0,
        44,
        24,
        0,
        0,
        0,
        0,
        0,
        0
      ],
      [
        0,
        0,
        0,
        57,
        12,
        0,
        0,
        0,
        0,
        0
      ],
      [
        0,
        0,
        0,
        0,
        43,
        10,
        0,
        0,
        0,
        0
      ],
      [
        0,
        0,
        0,
        0,
        1,
        48,
        2,
        0,
        0,
        0
      ],
      [
        0,
        0,
        0,
        0,
        0,
        1,
        52,
        3,
        0,
        0
      ],
      [
        0,
        0,
        0,
        0,
        0,
        0,
        1,
        44,
        6,
        0
      ],
      [
        0,
        0,
        0,
        0,
        0,
        0,
        0,
        0,
        29,
        24
      ],
      [
        0,
        0,
        0,
        0,
        0,
        0,
        0,
        0,
        0,
        68
      ]
    ],
    "latency_ms_per_sample": 0.047263748943805695,
    "train_time_s": 118.47803939999721,
    "gpu_mem_mb": 81.61572265625,
    "num_params": 620522,
    "input_type": "event_frames_2ch",
    "gpu_metrics": {
      "power_draw_w_mean": 11.377870089051871,
      "power_draw_w_peak": 40.58,
      "energy_joules": 1347.4856487399454,
      "power_limit_w": 94.266,
      "vram_used_mb_peak": 1225.2265625,
      "vram_free_mb_start": 7055.8359375,
      "vram_total_mb": 8151.0,
      "torch_alloc_mb_peak": 81.61572265625,
      "torch_reserved_mb": 112.0,
      "gpu_util_pct_mean": 8.152959664745941,
      "gpu_util_pct_peak": 95.0,
      "mem_util_pct_mean": 9.415400733368255,
      "temp_c_mean": 55.754845468831846,
      "temp_c_peak": 60.0,
      "wall_time_s": 118.5124863999954,
      "poll_interval_s": 0.05,
      "num_samples_polled": 1909,
      "nvml_available": true
    },
    "flops": {
      "flops_total": 22476288,
      "macs_total": 11238144,
      "profiler_available": true
    }
  },
  "EventSNN": {
    "accuracy": 0.11,
    "f1_macro": 0.06307210031347962,
    "confusion_matrix": [
      [
        0,
        1,
        8,
        34,
        31,
        0,
        0,
        0,
        0,
        0
      ],
      [
        0,
        0,
        1,
        10,
        40,
        5,
        1,
        0,
        0,
        0
      ],
      [
        0,
        0,
        0,
        4,
        32,
        19,
        8,
        5,
        0,
        0
      ],
      [
        0,
        0,
        0,
        0,
        7,
        19,
        16,
        22,
        4,
        1
      ],
      [
        0,
        0,
        0,
        0,
        0,
        2,
        4,
        33,
        14,
        0
      ],
      [
        0,
        0,
        0,
        0,
        0,
        0,
        1,
        16,
        32,
        2
      ],
      [
        0,
        0,
        0,
        0,
        0,
        0,
        1,
        7,
        34,
        14
      ],
      [
        0,
        0,
        0,
        0,
        0,
        0,
        0,
        0,
        20,
        31
      ],
      [
        0,
        0,
        0,
        0,
        0,
        0,
        0,
        0,
        7,
        46
      ],
      [
        0,
        0,
        0,
        0,
        0,
        0,
        0,
        0,
        10,
        58
      ]
    ],
    "latency_ms_per_sample": 0.9766672849655151,
    "spike_rate": 0.18203333333333332,
    "timesteps": 10,
    "event_window_ms": 50.0,
    "real_time_factor": 0.0195333456993103,
    "train_time_s": 160.77914519999467,
    "gpu_mem_mb": 512.15673828125,
    "num_params": 620522,
    "input_type": "event_spike_stream",
    "gpu_metrics": {
      "power_draw_w_mean": 17.697134674922626,
      "power_draw_w_peak": 42.899,
      "energy_joules": 2844.0165296624095,
      "power_limit_w": 95.0,
      "vram_used_mb_peak": 1751.6640625,
      "vram_free_mb_start": 7095.8828125,
      "vram_total_mb": 8151.0,
      "torch_alloc_mb_peak": 512.15673828125,
      "torch_reserved_mb": 578.0,
      "gpu_util_pct_mean": 10.821594427244582,
      "gpu_util_pct_peak": 98.0,
      "mem_util_pct_mean": 11.838235294117647,
      "temp_c_mean": 57.51973684210526,
      "temp_c_peak": 62.0,
      "wall_time_s": 160.819880199997,
      "poll_interval_s": 0.05,
      "num_samples_polled": 2584,
      "nvml_available": true
    },
    "flops": {
      "flops_total": 225232670,
      "macs_total": 112616335,
      "profiler_available": true
    }
  }
}