{
  "MLP": {
    "accuracy": 0.9761,
    "f1_macro": 0.9760269856035991,
    "confusion_matrix": [
      [
        975,
        0,
        2,
        0,
        0,
        1,
        0,
        1,
        1,
        0
      ],
      [
        0,
        1125,
        5,
        0,
        0,
        0,
        0,
        2,
        3,
        0
      ],
      [
        5,
        0,
        1019,
        0,
        1,
        0,
        0,
        6,
        1,
        0
      ],
      [
        1,
        0,
        12,
        977,
        0,
        4,
        0,
        9,
        3,
        4
      ],
      [
        2,
        1,
        9,
        0,
        933,
        0,
        6,
        7,
        2,
        22
      ],
      [
        3,
        0,
        0,
        8,
        0,
        872,
        4,
        1,
        3,
        1
      ],
      [
        8,
        3,
        6,
        0,
        1,
        2,
        936,
        0,
        2,
        0
      ],
      [
        3,
        3,
        10,
        0,
        0,
        0,
        0,
        1010,
        1,
        1
      ],
      [
        6,
        0,
        10,
        2,
        1,
        5,
        1,
        5,
        943,
        1
      ],
      [
        3,
        2,
        1,
        6,
        6,
        2,
        0,
        15,
        3,
        971
      ]
    ],
    "latency_ms_per_sample": 0.021733928471803665,
    "train_time_s": 92.11868539999705,
    "gpu_mem_mb": 21.9296875,
    "num_params": 235146,
    "gpu_metrics": {
      "power_draw_w_mean": 13.542166218035005,
      "power_draw_w_peak": 20.749,
      "energy_joules": 1247.8080262026936,
      "power_limit_w": 95.0,
      "vram_used_mb_peak": 1110.7265625,
      "vram_free_mb_start": 7102.2734375,
      "vram_total_mb": 8151.0,
      "torch_alloc_mb_peak": 21.9296875,
      "torch_reserved_mb": 28.0,
      "gpu_util_pct_mean": 10.769179004037685,
      "gpu_util_pct_peak": 27.0,
      "mem_util_pct_mean": 13.706594885598923,
      "temp_c_mean": 55.44414535666218,
      "temp_c_peak": 56.0,
      "wall_time_s": 92.17416520000552,
      "poll_interval_s": 0.05,
      "num_samples_polled": 1486,
      "nvml_available": true
    },
    "flops": {
      "flops_total": 469504,
      "macs_total": 234752,
      "profiler_available": true
    }
  },
  "CNN": {
    "accuracy": 0.9907,
    "f1_macro": 0.9906138350040017,
    "confusion_matrix": [
      [
        976,
        0,
        0,
        1,
        0,
        0,
        0,
        0,
        3,
        0
      ],
      [
        0,
        1122,
        0,
        1,
        0,
        1,
        3,
        3,
        5,
        0
      ],
      [
        1,
        0,
        1025,
        2,
        0,
        0,
        0,
        3,
        1,
        0
      ],
      [
        0,
        0,
        0,
        1006,
        0,
        1,
        0,
        0,
        2,
        1
      ],
      [
        0,
        0,
        0,
        0,
        972,
        0,
        5,
        1,
        1,
        3
      ],
      [
        1,
        0,
        0,
        10,
        0,
        879,
        1,
        0,
        0,
        1
      ],
      [
        2,
        1,
        0,
        0,
        1,
        4,
        948,
        0,
        2,
        0
      ],
      [
        0,
        1,
        4,
        1,
        0,
        0,
        0,
        1020,
        1,
        1
      ],
      [
        1,
        0,
        1,
        0,
        0,
        0,
        0,
        0,
        970,
        2
      ],
      [
        0,
        0,
        0,
        4,
        2,
        6,
        0,
        3,
        5,
        989
      ]
    ],
    "latency_ms_per_sample": 0.019205821678042412,
    "train_time_s": 99.98570790000667,
    "gpu_mem_mb": 36.85888671875,
    "num_params": 206922,
    "gpu_metrics": {
      "power_draw_w_mean": 15.304813780260718,
      "power_draw_w_peak": 26.837,
      "energy_joules": 1529.359673965902,
      "power_limit_w": 94.807,
      "vram_used_mb_peak": 1138.8515625,
      "vram_free_mb_start": 7038.2734375,
      "vram_total_mb": 8151.0,
      "torch_alloc_mb_peak": 36.85888671875,
      "torch_reserved_mb": 52.0,
      "gpu_util_pct_mean": 10.738671632526382,
      "gpu_util_pct_peak": 31.0,
      "mem_util_pct_mean": 13.0471756672874,
      "temp_c_mean": 55.453755431409064,
      "temp_c_peak": 57.0,
      "wall_time_s": 99.99533979999251,
      "poll_interval_s": 0.05,
      "num_samples_polled": 1611,
      "nvml_available": true
    },
    "flops": {
      "flops_total": 2436096,
      "macs_total": 1218048,
      "profiler_available": true
    }
  },
  "SNN_MLP": {
    "accuracy": 0.9685,
    "f1_macro": 0.9682160595723348,
    "confusion_matrix": [
      [
        967,
        0,
        1,
        0,
        1,
        7,
        3,
        1,
        0,
        0
      ],
      [
        0,
        1125,
        2,
        2,
        0,
        1,
        1,
        0,
        4,
        0
      ],
      [
        3,
        1,
        996,
        11,
        1,
        0,
        1,
        10,
        9,
        0
      ],
      [
        0,
        0,
        7,
        990,
        0,
        5,
        0,
        5,
        2,
        1
      ],
      [
        1,
        1,
        9,
        0,
        958,
        0,
        2,
        1,
        0,
        10
      ],
      [
        2,
        0,
        0,
        13,
        1,
        868,
        4,
        1,
        2,
        1
      ],
      [
        3,
        4,
        2,
        1,
        8,
        16,
        920,
        0,
        4,
        0
      ],
      [
        2,
        6,
        11,
        7,
        5,
        2,
        0,
        990,
        0,
        5
      ],
      [
        0,
        1,
        7,
        37,
        4,
        11,
        0,
        2,
        908,
        4
      ],
      [
        3,
        2,
        1,
        10,
        14,
        7,
        0,
        7,
        2,
        963
      ]
    ],
    "latency_ms_per_sample": 1.19729745388031,
    "spike_rate": 0.082954,
    "timesteps": 25,
    "train_time_s": 676.2116298000037,
    "gpu_mem_mb": 32.1689453125,
    "num_params": 235146,
    "gpu_metrics": {
      "power_draw_w_mean": 28.26803251883179,
      "power_draw_w_peak": 31.005,
      "energy_joules": 19115.614412847455,
      "power_limit_w": 93.921,
      "vram_used_mb_peak": 1159.2890625,
      "vram_free_mb_start": 7012.1484375,
      "vram_total_mb": 8151.0,
      "torch_alloc_mb_peak": 32.1689453125,
      "torch_reserved_mb": 54.0,
      "gpu_util_pct_mean": 7.999816277787985,
      "gpu_util_pct_peak": 21.0,
      "mem_util_pct_mean": 2.2638250964541613,
      "temp_c_mean": 61.3607385632923,
      "temp_c_peak": 63.0,
      "wall_time_s": 676.2278664000041,
      "poll_interval_s": 0.05,
      "num_samples_polled": 10886,
      "nvml_available": true
    },
    "flops": {
      "flops_total": 11767225,
      "macs_total": 5883612,
      "profiler_available": true
    }
  },
  "SNN_CNN": {
    "accuracy": 0.9873,
    "f1_macro": 0.9871669607398472,